,abstract,lead_paragraph,pub_date,document_type,section_name,type_of_material,headline,keywords
0,This isn’t the recession they were looking for.,"From an economic point of view, 2023 will go down in the record books as one of the best years ever — a year in which inflation came down amazingly fast at no visible cost, defying the predictions of many economists that disinflation would require years of high unemployment.",2023-12-19T00:00:10+0000,article,Opinion,Op-Ed,Beware Economists Who Won’t Admit They Were Wrong,"Biden, Joseph R Jr;United States Economy;Supply Chain;Inflation (Economics);Labor and Jobs;Wages and Salaries;Federal Reserve System;Coronavirus (2019-nCoV)"
1,"To combat authoritarianism, first combat fatalism.","Shortly after Donald Trump was elected in 2016, I spoke to a friend in Istanbul about my boundless horror, and while I can’t remember the exact words she said in response, they amounted to “Welcome to my world.” I told her about all the protests breaking out, and she gently warned me not to get my hopes up. She’d also demonstrated against Turkey’s authoritarian president, Recep Tayyip Erdogan, she said, but eventually those protests had died out, and ours would too.",2023-12-19T00:01:16+0000,article,Opinion,Op-Ed,Make a New Year’s Resolution to Fight Trump,"Presidential Election of 2024;Biden, Joseph R Jr;Trump, Donald J;United States Politics and Government;Democracy (Theory and Philosophy);Run for Something (Nonprofit)"
2,"The super PAC, which spent more than $283,000 on mailers in Iowa, lists as its treasurer an operative who played a mysterious role in the New York congressman’s saga.",A veteran political operative who played a mysterious role in the George Santos scandal now appears to be spearheading a newly formed super PAC that is supporting Ron DeSantis in Iowa.,2023-12-19T00:20:36+0000,article,U.S.,News,New Group Backing DeSantis Has a George Santos Connection,"DeSantis, Ron;Datwyler, Thomas;Santos, George (1988- );Campaign Finance;United States Politics and Government;Political Action Committees;Presidential Election of 2024;Republican Party;Renewing Our Nation"
3,"The location of the fissure poses a risk to the nearby Svartsengi Power Plant and to the town of Grindavík, which was evacuated last month because of heightened seismic activity.","The location of the fissure poses a risk to the nearby Svartsengi Power Plant and to the town of Grindavík, which was evacuated last month because of heightened seismic activity.",2023-12-19T00:30:26+0000,multimedia,World,Video,Volcano in Iceland Erupts,Evacuations and Evacuees;Earthquakes;Volcanoes;Iceland
4,"Xavier Becerra, the health and human services secretary, suggested that states were doing far too little to make sure that children were not unfairly denied federal insurance.","The Biden administration on Monday warned the governors of nine states of unusually high Medicaid coverage losses among children, suggesting that officials were failing to protect young, low-income Americans while winnowing the program’s rolls.",2023-12-19T00:33:28+0000,article,Health,News,Biden Administration Warns 9 Governors About Medicaid Losses Among Children,Health Insurance and Managed Care;Medicaid;States (US);Children and Childhood;Poverty;Governors (US);State Children's Health Insurance Program (S-CHIP);Patient Protection and Affordable Care Act (2010);United States Politics and Government;Federal-State Relations (US);Insurance;Medicine and Health
5,"Chinese authorities tacitly approved operations in a handful of races, according to the report, which represents the intelligence agencies’ joint analytic assessment.","The Chinese government stepped up its efforts to influence American politics in the 2022 election, a new report released on Monday said, and intelligence officials are trying to learn if Beijing is preparing to further intensify those activities in next year’s presidential election.",2023-12-19T00:36:11+0000,article,U.S.,News,"China Increased U.S. Election Influence in 2022, Intelligence Report Says",United States International Relations;Russian Interference in 2016 US Elections and Ties to Trump Associates;Rumors and Misinformation;Presidential Election of 2024;Elections;Internet Research Agency (Russia);China;Russia
6,"The black and blue evening dress sold for more than 11 times the expected price, a sign of Diana’s continuing allure more than a quarter century after her death.","She wore the ballerina-length evening dress to a 1985 dinner hosted by the mayor of Florence, Italy, and again to the Vancouver Symphony Orchestra the following year. On Sunday, that dress, which belonged to Diana, Princess of Wales, sold at auction for nearly $1.15 million — a record amount for one of her dresses.",2023-12-19T00:39:39+0000,article,Style,News,Dress Worn by Princess Diana Sells for a Record $1.15 Million,"Royal Families;Fashion and Apparel;Auctions;Dresses;Diana, Princess of Wales;Great Britain"
7,"After an indie-film breakout just four years ago, he was headed to the A list. But a criminal conviction immediately jeopardized his leading-man status.","It’s hard to mint a new movie star these days, which is why people in Hollywood were so high on Jonathan Majors. Cerebral and charismatic with the muscular build of an action hero, the 34-year-old actor had risen quickly from acclaimed indies to big blockbusters. This was supposed to be the year that would turn him into an A-lister, aided by the massive releases of “Ant-Man and the Wasp: Quantumania” and “Creed III,” as well as an Oscar contender, the prestige drama “Magazine Dreams.”",2023-12-19T01:06:55+0000,article,Movies,News,The Fast Rise and Staggering Fall of Jonathan Majors,"Majors, Jonathan (1989- );Movies;Actors and Actresses;Marvel Studios;Jabbari, Grace;Ant-Man and the Wasp: Quantumania (Movie);Da 5 Bloods (Movie);The Last Black Man in San Francisco (Movie);Devotion (Movie);Lovecraft Country (TV Program);Magazine Dreams (Movie);The Harder They Fall (Movie);Sexual Harassment"
8,"American officials are quick to say that Israel is in the driver’s seat in the Gaza war, but they are increasingly urging a change in course.","President Biden and his top aides have engaged in an increasingly awkward dance in recent days, prodding Israel to change its tactics in the war in the Gaza Strip while still offering it robust public support.",2023-12-19T01:12:03+0000,article,World,News,Nods and Nudges: How U.S. Is Pressing Israel to Rein in Gaza Assault,"Israel-Gaza War (2023- );Defense and Military Forces;Civilian Casualties;United States International Relations;Hamas;Austin, Lloyd J III;Gallant, Yoav;Israel"
9,Students and parent volunteers from a school in Washington State said in a lawsuit that they had become sick after being exposed to chemicals known as PCBs that had dripped from light fixtures.,"A jury in Washington State decided on Monday that Monsanto should pay $857 million to former students and parent volunteers who said they had been exposed at a school to dangerous chemicals made by the company and later became sick, according to court records.",2023-12-19T01:29:27+0000,article,Business Day,News,"Monsanto Should Pay $857 Million in PCB Case, Jury Finds","Monsanto Company;PCB (Polychlorinated Biphenyls);Sky Valley Education Center (Monroe, Wash);Hazardous and Toxic Substances;Decisions and Verdicts;Cancer;Bayer AG;King County (Wash);Washington (State);Suits and Litigation (Civil);Compensation for Damages (Law)"
10,"Making a blistering Broadway debut, Branden Jacobs-Jenkins’s 2014 play about the legacies of hatred feels like a new work entirely.","Think of the worst person you know: the kind who blabs people’s secrets, mocks their diction, dismisses their pain while making festivals of her own. Throw in a tendency toward casual antisemitic slurs, for which she thinks she has a free pass, and a “What’s the big deal?” approach to racism.",2023-12-19T03:00:12+0000,article,Theater,Review,"‘Appropriate’ Review: When Daddy Dies, a Disturbing Inheritance","Theater;Theater (Broadway);Appropriate (Play);Jacobs-Jenkins, Branden;Neugebauer, Lila;Second Stage Theater;Paulson, Sarah;Stoll, Corey;Esper, Michael;Fanning, Elle"
11,Seth Weitberg makes his New York Times debut.,Jump to: Today’s Theme | Tricky Clues,2023-12-19T03:00:12+0000,article,Crosswords & Games,News,Sharp Increase,Crossword Puzzles;Games
12,An ad buy slated to begin Tuesday in New Hampshire will be the first time the former president’s super PAC runs TV ads against Nikki Haley.,"The super PAC aligned with former President Donald J. Trump is putting money for the first time behind television ads attacking Nikki Haley, his former U.N. ambassador, who has gained momentum in the Republican primary.",2023-12-19T03:08:32+0000,article,U.S.,News,Group Backing Trump Turns Its Attention to Attacking Haley,"Haley, Nikki R;Trump, Donald J;DeSantis, Ron;Presidential Election of 2024;Advertising and Marketing;United States Politics and Government;Primaries and Caucuses;Make America Great Again Inc;Republican Party"
13,"The app, which used to draw millions of Trump supporters, is set to relaunch as he runs for president again — but it won’t try to compete with Truth Social.","Parler, the social media platform popular with right-wing audiences that was removed from app stores after hosting calls for violence around Jan. 6, 2021, will relaunch early next year, the company’s new owners announced on Monday.",2023-12-19T03:33:23+0000,article,U.S.,News,"Parler, Social Media Site Sidelined After Jan. 6, Plans Return","Parler LLC;Social Media;Right-Wing Extremism and Alt-Right;Storming of the US Capitol (Jan, 2021);Politics and Government"
14,The tech giant will pay $700 million and allow app makers to collect payments directly from consumers in a settlement it hopes will help resolve other legal challenges.,"Google said on Monday that it would allow developers on its Play app store to offer direct payment options to users and would pay $700 million to settle an antitrust suit brought by state attorneys general, in the company’s latest move to navigate increased regulatory scrutiny of its power.",2023-12-19T04:34:23+0000,article,Technology,News,Google Allows More App Payment Options in Antitrust Deal With States,Google Inc;Mobile Applications;Antitrust Laws and Competition Issues;Epic Games;Android (Operating System);Computers and the Internet;Computer and Video Games;Attorneys General
15,"Footage from China Central TV, a Chinese state media outlet, showed the aftermath of a 5.9-magnitude quake that damaged buildings and killed more than 100 people in two provinces.","Footage from China Central TV, a Chinese state media outlet, showed the aftermath of a 5.9-magnitude quake that damaged buildings and killed more than 100 people in two provinces.",2023-12-19T04:35:41+0000,multimedia,World,Video,Earthquake Hits Northwestern China,Earthquakes;Deaths (Fatalities);China;Gansu Province (China)
16,"Quotation of the Day for Tuesday, December 19, 2023.",“This was like a winning lottery ticket.”,2023-12-19T05:00:00+0000,article,Corrections,Quote,"Quotation of the Day: A $3.99 Goodwill Find Sells For More Than $100,000",
17,"Using specialized e-commerce sites, secretive shipping workarounds and a constellation of middlemen, Russia has obtained the tech components it needs to keep its economy and war in Ukraine going.","Shortly after Russia invaded Ukraine last year, engineers at Convex, a Russian telecommunications company, needed to find American equipment to transmit data to the country’s feared intelligence service. But no gear was flowing in after Western nations imposed sweeping new trade limits on Russia.",2023-12-19T05:00:17+0000,article,Technology,News,Chinese Traders and Moroccan Ports: How Russia Flouts Global Tech Bans,Computers and the Internet;International Relations;Russian Invasion of Ukraine (2022);Computer Chips;Telephones and Telecommunications;International Trade and World Market;E-Commerce;Enterprise Computing;Supply Chain;Cisco Systems Inc;Juniper Networks Inc;Intel Corporation;China;Morocco;Russia;Nag (Russian E-Commerce Site);ProSoft Ltd
18,"Passed in May, the Anti-Homosexuality Act is harming businesses that rely on foreign travelers and trade.","Sitting on a sofa in his tiny office, Simon Azarwagye, the owner of a travel company called Azas Safaris, points to numbers on his laptop — visual aids for a story that still makes him miserable to tell.",2023-12-19T05:00:22+0000,article,Business Day,News,An Anti-L.G.B.T.Q. Law in Uganda Is Hurting the Economy,"Uganda;AFRICA;Homosexuality and Bisexuality;Human Rights and Human Rights Violations;Transgender;Economic Conditions and Trends;Discrimination;Law and Legislation;Museveni, Yoweri;Embargoes and Sanctions;Boycotts"
19,"Disenchanted by the prospect for peace after a devastating terrorist attack, Israelis are becoming more conservative in their politics.",Maya Mizrachi grimaced at the group of eight Israelis calling for peace with Palestinians in front of Israel’s military headquarters this month in Tel Aviv.,2023-12-19T05:01:17+0000,article,World,News,Israelis Abandon Political Left Over Security Concerns After Oct. 7,"Israel-Gaza War (2023- );Politics and Government;Standing Together (Activist Group);Green, Alon-Lee;Netanyahu, Benjamin;Michaeli, Merav;Gaza Strip;Israel;Polls and Public Opinion"
20,A top U.S. official’s visit to Israel.,"Top U.S. officials have again pushed Israel to do more to protect civilians in the Gaza Strip and sought to restart talks aimed at releasing hostages held by Hamas. Pressure is mounting internationally on Israel to scale back its war in Gaza, which has killed almost 20,000 people, according to the Hamas-run health ministry, and displaced the vast majority of Gaza’s 2.2 million residents.",2023-12-19T05:12:39+0000,article,Briefing,briefing,Tuesday Briefing,
21,"Corrections that appeared in print on Tuesday, Dec. 19, 2023.","An article on Saturday about a man who was replaced as the local Santa Claus after sharing his views on the Israel-Hamas war at a public event misstated the Sag Harbor Chamber of Commerce’s description of the email requests it had received to “find a different Santa.” The chamber said it had received 11 emails, but did not say how many were from local synagogue members.",2023-12-19T05:17:46+0000,article,Corrections,News,"Corrections: Dec. 19, 2023",
22,This word has appeared in 413 articles on NYTimes.com in the past year. Can you use it in a sentence?,"The word precarious has appeared in 413 articles on NYTimes.com in the past year, including on Nov. 17 in “Iceland Is in a Holding Pattern as It Awaits a Volcanic Eruption” by Claire Moses:",2023-12-19T07:00:02+0000,article,The Learning Network,News,Word of the Day: precarious,
23,The “Late Night” host ribbed Giuliani for being so far in debt that he’ll go bankrupt paying the $148 million he now owes two Georgia election workers.,"Welcome to Best of Late Night, a rundown of the previous night’s highlights that lets you sleep — and lets us get paid to watch comedy. Here are the 50 best movies on Netflix right now.",2023-12-19T07:23:23+0000,article,Arts,News,"Seth Meyers: Rudy Giuliani Has Really, Really Messed Up This Time","Television;Fallon, Jimmy;The Tonight Show (TV Program);Late Show with Stephen Colbert (TV Program);Colbert, Stephen;Meyers, Seth;Late Night with Seth Meyers (TV Program)"
24,Astronomers have a long tradition of finding holiday cheer in outer space.,"For astronomers peering into the depths of the universe, Christmas came a little early this year.",2023-12-19T07:59:13+0000,article,Science,News,It’s Christmastime in the Cosmos,Stars and Galaxies;Space and Astronomy;Christmas;James Webb Space Telescope;Telescopes and Observatories;National Aeronautics and Space Administration;European Southern Observatory
25,"Lawmakers, U.S. officials and industry experts have offered measures to try to shore up the generic drug market.","At several congressional hearings this year, ideas to fix drug shortages were as numerous as the number of scarce drugs.",2023-12-19T08:00:30+0000,article,Health,News,Possible Ways to Ease Drug Shortages,"Shortages;Drugs (Pharmaceuticals);Factories and Manufacturing;Prices (Fares, Fees and Rates);Generic Brands and Products;Food and Drug Administration;United States Politics and Government"
26,"Key drugs have been in scarce supply, revealing a deep crisis in the generic drug industry.",Stephanie Scanlan learned about the shortages of basic chemotherapy drugs this spring in the most frightening way. Two of the three drugs typically used to treat her rare bone cancer were too scarce. She would have to go forward without them.,2023-12-19T08:01:01+0000,article,Health,News,‘I’m Scared to Death.’ Behind the Shortage Keeping Cancer Patients From Chemo,"Shortages;Chemotherapy;Generic Brands and Products;Drugs (Pharmaceuticals);Prices (Fares, Fees and Rates);Cancer;Production;Supply Chain;United States Politics and Government;Factories and Manufacturing;Food and Drug Administration;Intas Pharmaceuticals"
27,"R.A.s working in college dorms help crime victims, enforce health protocols and handle mental health crises. They want more pay — and will strike to get it.","Sam Betsko figured out fast that being a resident assistant in a college dorm would demand more than helping locked-out students and pleading with sophomores to, for the love of God, turn down the music.",2023-12-19T08:01:01+0000,article,U.S.,News,The Newest Union Members Are Undergrads,Colleges and Universities;Organized Labor;Labor and Jobs;Dormitories;Strikes;Boston University;Tufts University;Massachusetts;United States;Wages and Salaries
28,Tommy José Stathes might have the largest collection of vintage animated films in the world stuffed into a storage unit in Queens.,"“Guess you could say I hoard,” said Tommy José Stathes as he maneuvered around the shelves of his storage unit. Large enough to accommodate a minivan, it was stuffed with thousands of film canisters stacked floor to ceiling, arranged by studio and labeled with Sharpie. “Bray: Farmer Alfalfa Sees New York,” one read. Another said: “Fleischer: Adventures of Popeye (1935).”",2023-12-19T08:01:01+0000,article,New York,News,You Need Felix the Cat? Early Popeye? Talk to the King of Silent Animation.,"Theaters (Buildings);Movies;Archives and Records;Collectors and Collections;Cartoons and Cartoonists;Library of Congress;Metrograph Theater (Manhattan, NY, Movie Theater);Turner Classic Movies;New York City"
29,Feeling stuck on today’s puzzle? We can help.,"Hi busy bees! Welcome to today’s Spelling Bee forum. There are a number of terms that appear in both this article and other online discussions of the Spelling Bee; a glossary of those terms compiled by Monicat, a Times reader, can be found below.",2023-12-19T08:01:01+0000,article,Crosswords & Games,News,Spelling Bee Forum,Spelling Bee (Game)
30,Researchers in developing countries are trying to find treatments for conditions that affect the poorest people. But the system is stacked against their therapies.,"Three years ago, Jesús Tilano went to a hospital in a thickly forested valley in Colombia with large open lesions on his nose, right arm and left hand. He was diagnosed with leishmaniasis, a parasitic disease that is spread in the bite of a female sand fly and which plagues poor people who work in fields or forests across developing countries.",2023-12-19T08:01:01+0000,article,Health,News,New Hope — and an Old Hurdle — for a Terrible Disease With Terrible Treatments,Leishmaniasis;Developing Countries;Research;Colombia;Medicine and Health;Clinical Trials;Drugs (Pharmaceuticals);Nonprofit Organizations;Drugs for Neglected Diseases Initiative;your-feed-healthcare;your-feed-science;Program for the Study and Control of Tropical Diseases (PECET)
31,In case you need some puzzle help.,"Welcome to The Wordle Review. Be warned: This page contains spoilers for today’s puzzle. Solve Wordle first, or scroll at your own risk.",2023-12-19T08:01:33+0000,article,Crosswords & Games,News,Today’s Wordle Review,Wordle (Puzzle)
32,In case you need some puzzle help.,"Good morning, dear connectors. Welcome to today’s Connections forum, where you can give and receive puzzle — and emotional — support.",2023-12-19T08:01:34+0000,article,Crosswords & Games,News,The Connections Companion,Crossword Puzzles;Connections (Game)
33,"Jennifer Schuessler, a longtime lover of language, always awaits Oxford’s Word of the Year with anticipation.","Every November, while my colleagues on the Culture Desk at The New York Times are preparing their year-end lists of the best movies, theater productions, songs, art and more, I’m waiting for one announcement with curiosity and some anxiety: Oxford University Press’s Word of the Year.",2023-12-19T08:01:43+0000,article,Times Insider,News,A Reporter Who Has (to Look Up) Rizz,"English Language;Language and Languages;Spelling;Dictionaries;Slang;Generation Z;Merriam-Webster Inc;Oxford University;Oxford University Press;Stamper, Kory"
34,The proposals include one that would ban noncompete agreements and another that would push New York to help curb deforestation.,Will New York swear off buying paper from the Amazon rainforest to help stave off its deforestation? Should employers be able to bar workers from going to work for competitors?,2023-12-19T08:01:46+0000,article,New York,News,Will These Closely Watched Bills Become Law in New York?,"Law and Legislation;Politics and Government;Hochul, Kathleen C;New York State;Forests and Forestry;Lobbying and Lobbyists;Reparations"
35,"Opinion is split between those wanting the war to end and those pressing for a definitive Israeli victory, and the divide is starkest among older and younger generations.","Voters broadly disapprove of the way President Biden is handling the bloody strife between Israelis and Palestinians, a New York Times/Siena College poll has found, with younger Americans far more critical than older voters of both Israel’s conduct and the administration’s response to the war in Gaza.",2023-12-19T08:01:48+0000,article,U.S.,News,"Poll Finds Wide Disapproval of Biden on Gaza, and Little Room to Shift Gears","Israel-Gaza War (2023- );Civilian Casualties;Presidential Election of 2024;Polls and Public Opinion;Palestinians;United States Politics and Government;TikTok (ByteDance);Biden, Joseph R Jr;Trump, Donald J;Israel;New York Times/Siena College Poll;United States International Relations"
36,"Mark Levine, the Manhattan borough president, is calling for more treatment teams and psychiatric beds to address a mental health crisis.",The Manhattan borough president on Tuesday announced a plan that he said will help expand access to psychiatric care and housing for severely mentally ill homeless people in New York City.,2023-12-19T08:01:52+0000,article,New York,News,A New Push to Improve Mental Health Care for Homeless New Yorkers,"Homeless Persons;Mental Health and Disorders;Hospitals;Psychiatry and Psychiatrists;Subways;Levine, Mark D;New York City;Politics and Government"
37,"Results of a nationwide New York Times/Siena College poll of 1,016 registered voters conducted Dec. 10-14, 2023.","Results of a nationwide New York Times/Siena College poll of 1,016 registered voters conducted Dec. 10-14, 2023.",2023-12-19T08:01:57+0000,multimedia,U.S.,Interactive Feature,Toplines: December 2023 Times/Siena Poll of Registered Voters Nationwide,internal-open-access;New York Times/Siena College Poll
38,Joe Biden leads Donald Trump by 47 percent to 45 percent among the likely electorate.,Joe Biden leads Donald Trump by 47 percent to 45 percent among the likely electorate.,2023-12-19T08:01:57+0000,multimedia,U.S.,Interactive Feature,Cross-Tabs: December 2023 Times/Siena Poll of the Likely Electorate,internal-open-access;New York Times/Siena College Poll
39,Donald Trump leads Joe Biden by 46 percent to 44 percent among registered voters.,Donald Trump leads Joe Biden by 46 percent to 44 percent among registered voters.,2023-12-19T08:01:57+0000,multimedia,U.S.,Interactive Feature,Cross-Tabs: December 2023 Times/Siena Poll of Registered Voters Nationwide,internal-open-access;New York Times/Siena College Poll
40,"Northview Village, the city’s largest nursing home, closed so abruptly that some relatives struggled to find their loved ones.","There was no warning when a line of vans showed up outside the largest nursing home in St. Louis Friday afternoon, workers at the home said.",2023-12-19T08:11:19+0000,article,U.S.,News,"St. Louis Nursing Home Closes Suddenly, Displacing Over 170 Residents","Nursing Homes;Shutdowns (Institutional);St Louis (Mo);Northview Village (St Louis, Mo);Healthcare Accounting Services"
41,What’s your favorite holiday film or television special?,“Elf.” “Home Alone.” “How the Grinch Stole Christmas.” How about “A Charlie Brown Christmas”?,2023-12-19T09:00:02+0000,article,The Learning Network,News,Holiday Classics,
42,"The ruling military, which is struggling with recruitment, denies abducting young men and boys to fill its ranks. But five men say it happened to them.",At least 16 young men disappeared last month.,2023-12-19T10:00:46+0000,article,World,News,"In Myanmar, Accounts of Disappearances Create a Climate of Fear",Myanmar;Men and Boys;Kidnapping and Hostages;Defense and Military Forces;Police
43,"It’s linked to heartburn, disrupted sleep, metabolic issues and more.",Q: I’ve heard that eating too late in the evening is bad for your health. Is this true?,2023-12-19T10:00:48+0000,article,Well,News,Is It Bad to Eat Late at Night?,Diabetes;Diet and Nutrition;Gastroesophageal Reflux (Acid Reflux);Sugar;Research;Snack Foods;Obesity;Content Type: Service
44,"Once derided as symbols of a commodified work force, cubicles are making a comeback, and workers are personalizing them and posting photos on social media.","Among office designers and architects, cubicles are rarely mentioned. The once-ubiquitous fixture, so popular in the 1980s and ’90s, has become vilified as a sign of the dehumanization of the work force. Design experts today say cubicles are a “hard no.”",2023-12-19T10:00:57+0000,article,Business Day,News,"As Office Workers Make Their Return, So Does the Lowly Cubicle",Workplace Environment;Desks;Furniture;Coronavirus Return to Office;Real Estate (Commercial);Interior Design and Furnishings;Design;Social Media;src-reader-callout
45,"In his new memoir, “Uncross Your Legs,” a 95-year-old designer chronicles a lifetime of adventures in apparel (and out).","In his new memoir, “Uncross Your Legs,” a 95-year-old designer chronicles a lifetime of adventures in apparel (and out).",2023-12-19T10:01:02+0000,multimedia,Real Estate,Slideshow,At Home With Stan Herman,"Real Estate and Housing (Residential);Couture (Fashion);Herman, Stan;Interior Design and Furnishings;Murray Hill (Manhattan, NY)"
46,"In his new memoir, “Uncross Your Legs,” Stan Herman chronicles a lifetime of adventures in apparel (and out).","Styles come and styles go, but Stan Herman has been in fashion for decades.",2023-12-19T10:01:05+0000,article,Real Estate,News,"At 95, This Designer Has Never Been Out of Fashion","Real Estate and Housing (Residential);Herman, Stan;Interior Design and Furnishings;Books and Literature;Content Type: Personal Profile;Council of Fashion Designers of America;Garment District Alliance;Murray Hill (Manhattan, NY);Uncross Your Legs: A Life in Fashion (Book);Fashion and Apparel;Design"
47,"Yes, megaresorts dominate the area’s lodging market. But in recent years, boutique hotels and glamping options have opened to provide visitors a different kind of Hill Country visit. Kundalini yoga, anyone?","Driving west out of Austin toward Fredericksburg, the road narrows to two-lane blacktop, and the edges of the city’s suburbs gradually give way to a different kind of Texas, one of ranches, old wooden churches, farm stands and wineries.",2023-12-19T10:01:06+0000,article,Travel,News,Downward Dogs and Giraffes Up Close: What’s New at Texas Hill Country Hotels,"Travel and Vacations;Hotels and Travel Lodgings;Austin (Tex);Dripping Springs (Tex);Fredericksburg (Tex);Lake Travis (Tex);Hilton Worldwide Holdings Inc;Hyatt Hotels Corp;Tempranillo;JW Marriott (Austin, Tex, Hotel);Camps and Camping;Spas"
48,"These shows, including “The Grift” and “The Perfect Scam,” will deepen your understanding of how liars and con artists operate.","The past decade has seen an alarming surge in scams across the world, as digital life has created a whole new playbook for criminals to prey on the vulnerable. Combined with a political and cultural climate in which lies, disinformation and outright fraud seem to run rampant (just consider high-profile examples like Elizabeth Holmes and Sam Bankman-Fried), it’s easy to feel surrounded by grifters.",2023-12-19T10:01:12+0000,article,Arts,News,"6 Podcasts About Lies, Scams and Con Artists","Frauds and Swindling;Impostors (Criminal);Podcasts;Munchausen's Syndrome and by Proxy;Bhattacharjee, Yudhijit;Konnikova, Maria"
49,"Skinny models. White male designers. Shoulder pads. This year, fashion failed on many of its promises.",It started with all the talk about how we were going back. Back to the office. Back to normalcy after two years of pandemic upheavals. Back to — maybe — actual dressing. Remember?,2023-12-19T10:01:13+0000,article,Style,News,Going Backward Was the Biggest Trend of 2023,Fashion and Apparel;Two Thousand Twenty Three;Race and Ethnicity;Models (Professional);Sustainable Living;your-feed-fashion
50,A City Council bill would largely ban the practice. Mayor Eric Adams is fighting it.,"Good morning. It’s Tuesday. We’ll look at why the City Council is expected to approve a bill largely banning solitary confinement in city jails. We’ll also find out what George Santos said in the latest stop on his notoriety tour, a widely anticipated Ziwe interview.",2023-12-19T10:01:40+0000,article,New York,briefing,Why Solitary Confinement May Be Limited in New York Jails,"New York City;internal-storyline-no;Law and Legislation;City Councils;Solitary Confinement;Prison Guards and Corrections Officers;City Council (NYC);Correction Department (NYC);Correction Officers' Benevolent Assn (NYC);House of Representatives;Adams, Eric L;Santos, George (1988- );Fumudoh, Ziwe"
51,"For me, the journey began when I asked ChatGPT who I was.","One of the first things I asked ChatGPT about, early this year, was myself: “What can you tell me about the writer Vauhini Vara?” It told me I’m a journalist (true, though I’m also a fiction writer), that I was born in California (false) and that I’d won a Gerald Loeb Award and a National Magazine Award (false, false).",2023-12-19T10:01:52+0000,article,Opinion,Op-Ed,One Year In and ChatGPT Already Has Us Doing Its Bidding,Artificial Intelligence;ChatGPT;OpenAI Labs;Computers and the Internet
52,From Zionism to cease-fires — Ezra Klein answers listeners’ questions.,"It’s become something of a tradition on “The Ezra Klein Show” to end the year with an “Ask Me Anything” episode. So as 2023 comes to a close, I sat down with our new senior editor, Claire Gordon, to answer listeners’ questions about everything from the Israel-Hamas war to my thoughts on parenting.",2023-12-19T10:01:55+0000,article,Opinion,Op-Ed,How My Conversations on Israel-Gaza Have Shaped My Thinking,"audio-neutral-informative;McCarthy, Kevin (1965- );New Year;Israel-Gaza War (2023- );Israel;Palestinians;Jews and Judaism;Rafah (Gaza Strip);War Crimes, Genocide and Crimes Against Humanity;United States Politics and Government;Conservatism (US Politics);Democratic Party;Republican Party;Trump, Donald J;Zionism;Presidential Election of 2024"
53,There’s something uniquely American in both its wanton borrowing from existing tradition and its naked admission of artificiality.,"Forget April: In middle school, November was always, inevitably, the cruelest month for me. Starting around Thanksgiving, my friends would gather in the locker room after gym class to consult one another on the best strategies for the holiday season. Crouched over Best Buy and Circuit City catalogs, they would argue the merits of the PlayStation 2 versus the Xbox. Should they beg for the latest edition of NBA 2K, a game that would be obsolete within nine months? Or Halo?",2023-12-19T10:01:59+0000,article,Magazine,News,"Yes, Kwanzaa Is Made Up. That’s Why It’s Great",Kwanzaa (Celebration);Holidays and Special Occasions;California;Black People;Blacks
54,Many Black voters say they doubt the Democratic Party understands their problems or is committed to improving their lives.,"Far from the hustle of modern Atlanta and its rapidly growing suburbs is an older Georgia, a rural land of cotton fields and vacant storefronts, of low-wage jobs and shuttered swimming pools, of underfunded Black colleges and American promises ever deferred.",2023-12-19T10:01:59+0000,article,Opinion,Editorial,Why Biden Could Lose Georgia Next Year,"Black People;Blacks;Presidential Election of 2024;Georgia;Poverty;Black Voters Matter;Democratic Party;Biden, Joseph R Jr;Atlanta (Ga);Valdosta (Ga);Rural Areas;Trump, Donald J;Economic Conditions and Trends"
55,"The shape-shifting baking tools can reveal a lot about what’s on people’s minds, as one American company has learned, to its profit.",Ben Clark may be uniquely qualified to predict the outcome of the next presidential election. He’s not a pollster or political strategist. He makes cookie cutters.,2023-12-19T10:02:00+0000,article,Food,News,What’s Ahead in 2024? The Cookie Cutters Tell All.,Bakeries and Baked Products;Cookies;Rutland (Vt);Cookware;Factories and Manufacturing;Ann Clark Cookie Cutters
56,Three experts tell us how.,"Since Hamas’s attack on Israel on Oct. 7 and Israel’s violent response in Gaza, nearly 20,000 Palestinians have been killed, and over 80 percent of Gazans have been forced to leave their homes. What is the future for Gaza?",2023-12-19T10:02:02+0000,article,Opinion,Op-Ed,There’s Hope for Peace in Gaza,"audio-neutral-informative;Israel-Gaza War (2023- );Biden, Joseph R Jr;Middle East;Gaza Strip;Netanyahu, Benjamin;Barghouti, Marwan;Israel;Palestine Liberation Organization;North Atlantic Treaty Organization;Peace Process;Hamas"
57,"Whether in your own life or the world around you, what were the most memorable moments from the past year?","As the new year approaches and the retrospectives for 2023 roll out, we’re asking you for your own lists.",2023-12-19T10:02:12+0000,article,The Learning Network,News,What Will You Remember About 2023?,
58,"The court should rule on the question of presidential immunity, and it should do so on an accelerated timetable.","The Supreme Court is considering whether to take up the question of presidential immunity — that is, the idea that a president, by virtue of the unique nature of the office, is entitled to exceedingly broad protections from legal consequences for statements made and actions taken while in office. If the court takes up that question in a case regarding Donald Trump, it will have profound consequences for both the 2024 election and the bigger question of presidential power.",2023-12-19T10:02:16+0000,article,Opinion,Op-Ed,Trump Has Always Wanted to Be King. The Supreme Court Should Rid Him of That Delusion.,"Immunity from Prosecution;Presidents and Presidency (US);Supreme Court (US);Trump, Donald J;Federal Criminal Case Against Trump (2020 Election Case);Storming of the US Capitol (Jan, 2021);Constitution (US);Justice Department;Office of Legal Counsel (US);Chutkan, Tanya S;Clinton, Bill;Ford, Gerald Rudolph Jr;Katsas, Gregory G;Nixon, Richard Milhous;United States"
59,"Donald Trump leads him among those 18 to 29, a new poll shows.","As recently as this summer, a poll with Donald J. Trump leading among young voters would have been eye-popping.",2023-12-19T10:02:18+0000,article,The Upshot,News,How Much Is Biden’s Support of Israel Hurting Him With Young Voters?,"Presidential Election of 2024;Polls and Public Opinion;Youth;Israel-Gaza War (2023- );United States Politics and Government;internal-sub-only-nl;Biden, Joseph R Jr;Trump, Donald J;Voting and Voters"
60,"In July, West Hollywood raised its minimum wage to $19.08 an hour, causing angst among those who own businesses.","Josiah Citrin, the owner and chef of a Santa Monica restaurant with two Michelin stars, opened a new steakhouse a few months ago off the Sunset Strip. He is already concerned about whether the restaurant can survive.",2023-12-19T10:02:25+0000,article,Business Day,News,Doing Business in the Place With America’s Highest Minimum Wage,"Minimum Wage;Wages and Salaries;Law and Legislation;Labor and Jobs;West Hollywood (Calif);Small Business;Prices (Fares, Fees and Rates);Hiring and Promotion;Restaurants"
61,"With “The Zone of Interest,” Jonathan Glazer is just the latest director to confront the problem.","Poetry makes nothing happen, W.H. Auden said in 1939, when words must have seemed especially impotent; but cinema is another matter. For several decades after the end of the Second World War, what’s come to be seen as its central catastrophe — the near-total destruction of the European Jews — was consigned to the status of a footnote. The neglect was rooted in guilt: Many nations eagerly collaborated in the killing, while others did nothing to prevent it. Consumed by their own suffering, most people simply didn’t want to know, and a conspiracy of silence was established. ",2023-12-19T10:02:35+0000,article,Magazine,News,How Do You Make a Movie About the Holocaust?,"Glazer, Jonathan;The Zone of Interest (Movie);Holocaust and the Nazi Era;Movies;Jews and Judaism;Black Earth: The Holocaust as History and Warning (Book);Holocaust (TV Program);Schindler's List (Movie)"
62,"Every December, carolers flock to a dairy farm in New York to serenade the herd.","About 200 carolers had just begun the second verse of the classic Christmas song “The Friendly Beasts” when a little girl let out a squeal of delight. About 20 feet below the balcony, on the floor of the large domed barn, two of the half-dozen dairy cows were butting heads. As the grazing heifers lifted their horns, their playful roughhousing seemed like a display of holiday cheer.",2023-12-19T10:02:35+0000,article,Style,News,Even Cows Need Some Holiday Cheer,Christmas;Music;Barns;Cattle;Dairy Products;Agriculture and Farming;CLAVERACK (NY)
63,A new study suggests that a disease many believed was reserved for professional athletes is also afflicting young amateurs.,Warning: This episode contains mentions of suicide.,2023-12-19T11:00:14+0000,article,Podcasts,News,Football’s Young Victims,Football;Chronic Traumatic Encephalopathy;Concussions;Sports Injuries;Children and Childhood;Interscholastic Athletics;AMATEUR ATHLETICS
64,Hear the news in five minutes.,"The New York Times Audio app is home to journalism and storytelling, and provides news, depth and serendipity. If you haven’t already, download it here — available to Times news subscribers on iOS — and sign up for our weekly newsletter.",2023-12-19T11:01:51+0000,article,Podcasts,News,"Biden’s Rating Dips on Gaza, and Marvel Drops Actor","Israel-Gaza War (2023- );Civilian Casualties;Presidential Election of 2024;Polls and Public Opinion;Palestinians;Illegal Immigration;Abbott, Gregory W (1957- );Texas;Majors, Jonathan (1989- );Marvel Entertainment;China;Earthquakes;Iceland;Volcanoes"
65,A selection of images from 2023.,"Until 1910, The New York Times never ran photographs on its front page. Until 1997, those photos were always black and white.",2023-12-19T11:35:53+0000,article,Briefing,briefing,The Year in Pictures,internal-storyline-no;Photography
66,"Residents were rescued as communities that flooded this summer were inundated again, and power companies warned that outages could last for days.",Rescuers pulled dozens of residents from flooded homes and cars across New England after a powerful coastal storm that left hundreds of thousands of people without power on Tuesday.,2023-12-19T12:31:12+0000,article,U.S.,News,Power Outages and Flooding Afflict New England After Storm,Power Failures and Blackouts;Floods;Wind;Hospitals;New England States (US);Montpelier (Vt)
67,Transport costs have soared and energy prices remain volatile as vessels are redirected away from the vital commerce route.,"Iranian-backed Houthi rebels in Yemen have continued to attack ships in the Red Sea, prompting shipping and energy giants to pause or reroute cargo and tanker ships instead of using the Suez Canal.",2023-12-19T12:44:52+0000,article,Business Day,News,How the Red Sea Shipping Attacks Could Upend Global Trade,"internal-storyline-no;Suez Canal;Red Sea;International Trade and World Market;Houthis;Austin, Lloyd J III;A P Moller-Maersk;BP Plc;Oil (Petroleum) and Gasoline;Freight (Cargo);Iran"
68,"President Biden remembered the Supreme Court’s first female justice as “gracious and wise, civil and principled” in a ceremony at Washington National Cathedral.","Justice Sandra Day O’Connor was remembered on Tuesday for her trailblazing role on the Supreme Court, trading the sweeping skies of the Arizona desert as a cattle rancher’s daughter for the marble halls of the court to become the first female justice and one of the most powerful women in the country.",2023-12-19T13:00:10+0000,article,U.S.,News,"O’Connor, a ‘Daughter of the American West,’ Is Honored in Washington","O'Connor, Sandra Day;Funerals and Memorials;Supreme Court (US);Women and Girls;National Cathedral (Washington, DC);Biden, Joseph R Jr;Roberts, John G Jr;Dementia"
69,"The museum has shared the stories of immigrants and migrants who lived in New York City in the 19th and 20th centuries for nearly four decades. For the first time, a Black family’s apartment will be included.","For the past 35 years, the Tenement Museum has told the stories of immigrants and migrants who lived in New York City in the 19th and 20th centuries to help visitors better understand the city through the lives of its working class.",2023-12-19T13:00:21+0000,article,New York,News,Tenement Museum to Feature a Black Family’s Apartment for the First Time,"Museums;Black People;Blacks;Families and Family Life;Lower East Side Tenement Museum;Lower East Side (Manhattan, NY);Real Estate and Housing (Residential)"
70,"Aleksei A. Navalny, the imprisoned opposition leader, did not appear at a court hearing two weeks ago and has not been heard from since. His allies are trying desperately to find him.","After two weeks without word from Aleksei A. Navalny, Russia’s most prominent opposition figure, his lawyers and allies, fearing the worst, are running a frantic campaign to find him.",2023-12-19T13:02:07+0000,article,World,News,‘Where Is Navalny?’ A Search Is On for the Missing Russian Dissident.,"Political Prisoners;Politics and Government;Prisons and Prisoners;Navalny, Aleksei A;Putin, Vladimir V;Russia"
71,Ralph Fiennes and David Tennant take Shakespeare’s psychodrama along divergent paths in two simultaneously running shows.,"There is more than one way to tell a story. In England, two equally impressive new productions of “Macbeth” prove this, both featuring major stars in the title role and adopting strikingly different approaches to Shakespeare’s classic tale of hubris and betrayal.",2023-12-19T13:13:55+0000,article,Theater,Review,"One Hulking, One Gaunt: Two Very Different ‘Macbeths’","Theater;Macbeth (Play);Godwin, Simon (Theater Director);Shakespeare, William;Tennant, David;Fiennes, Ralph;Webster, Max (Theater Director)"
72,Dylan Field believed that selling his software company to a bigger rival would be good for competition and consumers. Regulators saw it differently.,"Among the several deals that have fallen apart recently, Adobe’s $20 billion takeover of Figma, an upstart design software maker, is among the most instructive.",2023-12-19T13:23:21+0000,article,Business Day,News,Figma’s C.E.O. Laments Demise of $20 Billion Deal With Adobe,"Figma Inc;Field, Dylan (1992- );ADOBE SYSTEMS INC;Mergers, Acquisitions and Divestitures;Antitrust Laws and Competition Issues;Justice Department;European Commission;Competition and Markets Authority (Great Britain)"
73,"A conversation with Jill Cowan, a Los Angeles-based reporter for The New York Times.",This year was a strong one for labor in the United States.,2023-12-19T14:00:04+0000,article,U.S.,briefing,Why 2023 Was Such a Busy Year for Labor in California,California
74,"Luna Luna, an art carnival that appeared in Hamburg in 1987, then vanished, has been resurrected in Los Angeles. You can wander there, but the rides are verboten.","The lights dimmed and a Ferris wheel designed by Jean-Michel Basquiat began turning in time to “Tutu,” by Miles Davis.",2023-12-19T14:00:29+0000,article,Arts,News,Where the Ferris Wheel Is by Basquiat and the Carousel by Keith Haring,"Art;AMUSEMENT AND THEME PARKS;Basquiat, Jean-Michel;Dali, Salvador;Davis, Miles;Haring, Keith;Heller, Andre (1947- );Hockney, David;Scharf, Kenny;Lichtenstein, Roy;Los Angeles (Calif);Luna Luna LLC;Drake (Rapper);vis-photo"
75,The eruption on the Reykjanes Peninsula sent lava gushing into the night sky. Air travel did not appear to be affected.,"After weeks of anticipation, a volcanic eruption in Iceland’s most populated area sent lava spewing into the night sky late Monday and pushed the authorities into action mode Tuesday. The eruption, which was larger than volcanologists had predicted, happened not far from an evacuated town and a power plant.",2023-12-19T14:18:05+0000,article,World,News,What to Know About Iceland’s Volcanic Eruption,Volcanoes;Iceland;Europe
76,"Wildlife officials have released a small group of gray wolves in the state, the first step in a plan to restore a permanent population.","Nearly a century after government-sponsored programs eliminated wolves from Colorado, wildlife officials on Monday released five of the animals onto public land northwest of Denver in an effort to restore a permanent population of the predators to the state.",2023-12-19T14:26:10+0000,article,Climate,News,Five Flying Wolves and One Tight Deadline: A Predator Returns to Colorado,Wolves;Biodiversity;Colorado;Conservation of Resources;Referendums;Agriculture and Farming;Livestock;Hunting and Trapping;Oregon
77,"Reading Rhythms bills itself as a series of “reading parties,” where guests read silently for an hour and chat with strangers about the books they brought. (Just don’t call it a book club.)","“You just made a rookie mistake,” the young woman told me.",2023-12-19T14:31:30+0000,article,Books,News,It’s My Party and I’ll Read If I Want To,Books and Literature;internal-sub-only;Parties (Social);Book Clubs;internal-great-read;New York City
78,Only a fraction of the presumed cases in five countries have led to positive tests for anthrax. Some scientists say other causes cannot yet be ruled out.,"Five African countries are battling outbreaks of anthrax, with nearly 1,200 people affected so far and 20 deaths, according to the World Health Organization. But the official tally belies confusion about the exact nature and scale of the outbreaks, which may complicate the efforts needed to contain them.",2023-12-19T15:00:10+0000,article,Health,News,Mystery Amid an Anthrax Outbreak in Africa,ANTHRAX;Tests (Medical);Alternative and Complementary Medicine;Cattle;Africa Centers for Disease Control and Prevention;AFRICA;Uganda
79,"“The Crown” packed plenty of pageantry, family drama and royal protocol into six seasons, but how well do you remember it all? Take this quiz to find out.",,2023-12-19T15:00:29+0000,article,Arts,News,Are You Down to ‘Crown’?,"Television;The Crown (TV Program);Elizabeth II, Queen of Great Britain;Colman, Olivia;Diana, Princess of Wales"
80,"He basks in parking spaces, frolics with traffic cones and generally makes himself at home. But the authorities are worried about the risks of too much time among humans.","He has shown up uninvited on doorsteps, slept on the road and prompted calls to the police. But the residents of a coastal region in southern Tasmania, Australia, have been unusually forgiving to their interloper — after all, he is a seal.",2023-12-19T15:11:18+0000,article,World,News,"Tasmania Falls for Neil the Seal, a 1,000-Pound Beach Bum",Animal Behavior;Fish and Other Marine Life;Coastal Areas;Seals (Animals) and Sealing;Australia;Hobart (Tasmania);Tasmania (Australia)
81,"Already hampered by problems at the Panama Canal, shipping companies are now steering clear of the Suez Canal to avoid being attacked in the Red Sea.",The wave of attacks against merchant ships in the Red Sea is forcing companies to send ships on longer routes and threatens to hurt an already wobbly global economy.,2023-12-19T15:11:36+0000,article,Business Day,News,Red Sea Attacks Pose Another Threat to Global Economy,Israel-Gaza War (2023- );Panama Canal and Canal Zone;Red Sea;Suez Canal;Supply Chain;International Trade and World Market;Canals;International Relations;Ships and Shipping;Oil (Petroleum) and Gasoline;Terrorism;Defense and Military Forces;Drones (Pilotless Planes);BP Plc;Maersk Line;Houthis;Defense Department;Hamas
82,New tests promise to tell you if you have the cells of a 30-year-old or a 60-year-old. Here’s what to know about them.,"If you’ve ever been to a high school reunion, you know that some people seem to age faster than others. Twenty-five years after graduation, one classmate can appear a decade younger than the rest, another a decade older.",2023-12-19T15:38:43+0000,article,Well,News,What’s Your ‘Biological Age’?,"Tests (Medical);Age, Chronological;Longevity;Content Type: Service;Comfort, Alex"
83,The announcement came as diplomats negotiated with the U.S. on what it might allow to pass. The U.S. has been the only member of the Security Council to block demands for an immediate cease-fire.,"For the second day in a row, the United Nations Security Council delayed a vote on a resolution calling for Israel and Hamas to provide greater access for more humanitarian aid, and pauses in the fighting to make that possible, as diplomats wrestled with the United States on what it might allow to pass.",2023-12-19T15:42:18+0000,article,World,News,U.N. Security Council Vote on Gaza Resolution Is Delayed Again,"Biden, Joseph R Jr;Gaza Strip;Israel;Middle East;Israel-Gaza War (2023- );Palestinians;General Assembly (UN);Hamas;Security Council (UN);United Nations"
84,Readers write in with family favorites from 2023.,"The big moments of the holiday season are whizzing by, and next up are Noche Buena and the Feast of the Seven Fishes, both on Christmas Eve and both occasions for amazing food. We have a new Seven Fishes menu that published yesterday with recipes from the wonderful Dan Pelosi — a.k.a. GrossyPelosi of Instagram fame and the new cookbook “Let’s Eat.” (And since I won’t see you before then, here are recipes for Christmas dinner and Kwanzaa, too.)",2023-12-19T16:00:03+0000,article,Food,News,"Baked Shrimp With Tomatoes and Feta, and Skillet Chicken With Caramelized Onions",Cooking and Cookbooks;Content Type: Service;Recipes
85,"There’s a lot to like about this musical film version of Alice Walker’s novel, but the story remains slippery to would-be adapters.","Alice Walker’s 1982 novel “The Color Purple” has proved tricky to adapt in a manner that retains the book’s power. Part of the problem is it’s an epistolary novel, a genre that’s effective because what characters hide is as revelatory as what they reveal. But letters are exceptionally tricky to transfer to more visual forms, like theater and film. Voice-over can help, but only to a point.",2023-12-19T16:00:15+0000,article,Movies,Review,‘The Color Purple’ Review: Still Here,"Movies;Bazawule, Blitz;Barrino, Fantasia;Brooks, Danielle;The Color Purple (Movie)"
86,"Flood water from the Ellis River rapidly gushed through Jackson, N.H., after a powerful storm swept through the Northeast.","Flood water from the Ellis River rapidly gushed through Jackson, N.H., after a powerful storm swept through the Northeast.",2023-12-19T16:27:01+0000,multimedia,U.S.,Video,Flash Flooding in New Hampshire’s White Mountains,New Hampshire;Northeastern States (US);White Mountains (NH);Floods;Rivers
87,"Joumana Khatib, an editor at The New York Times Book Review, asked readers to send her their most vexing gift-giving questions. Here are a few of the books that she recommended to them.","Joumana Khatib, an editor at The New York Times Book Review, asked readers to send her their most vexing gift-giving questions. Here are a few of the books that she recommended to them.",2023-12-19T16:37:31+0000,multimedia,Books,Video,Books That Make Great Gifts for Loved Ones,Books and Literature;Gifts;Content Type: Service
88,"The office of the special counsel sent documents to the former president’s legal team, even though the proceedings are on hold. The defense lawyers were not pleased.",There seemed to be little room for maneuver last week when the federal judge overseeing former President Donald J. Trump’s indictment on charges of plotting to overturn the 2020 election put the case on hold as an appeals court considered Mr. Trump’s claims that he was immune from prosecution.,2023-12-19T17:33:16+0000,article,U.S.,News,Prosecutors Try to Nudge Trump Election Case Ahead Despite Freeze on the Case,"Federal Criminal Case Against Trump (2020 Election Case);Supreme Court (US);Chutkan, Tanya S;Lauro, John F;Smith, Jack (Attorney);Trump, Donald J"
89,"Many energy and shipping firms have begun rerouting tankers, adding delays and extra costs to journeys that would put upward pressure on oil prices.","Energy companies like BP and shipping companies that transport crude oil have stopped sending some tankers through the Red Sea to avoid the threat of drone and missile attacks by the Iran-backed Houthi rebels in Yemen. Rerouting the vessels would add delays and extra costs to journeys, putting upward pressure on oil prices.",2023-12-19T17:36:26+0000,article,Business Day,News,What Does the Red Sea Crisis Mean for Oil Prices?,Oil (Petroleum) and Gasoline;International Relations;Natural Gas;Ships and Shipping
90,Gov. Kathy Hochul signed a bill that will create the nation’s third statewide task force to examine possible reparations for the lasting impact of slavery.,"New York will undertake an ambitious effort to address the state’s history of slavery and racism, establishing the United States’ third statewide task force to examine whether reparations can be made to confront the legacy of racial injustice.",2023-12-19T17:43:55+0000,article,New York,News,New York to Consider Reparations for Descendants of Enslaved People,"Reparations;New York State;Slavery (Historical);Black People;Blacks;Law and Legislation;Race and Ethnicity;Hochul, Kathleen C;California;Budgets and Budgeting"
91,Anthony Parnther has a flourishing career as a classical conductor who also works in the fast-paced world of commercial entertainment.,"Anthony Parnther has a job that routinely takes him to fantastic places. Parnther, 42, makes his New York Philharmonic conducting debut this week. His destination? Wakanda: With a wave of his hand, he’ll evoke lush jungles and shimmering citadels as the film “Black Panther” screens overhead.",2023-12-19T17:46:53+0000,article,Arts,News,A Conductor for the Future at Home With ‘Black Panther’ and Prokofiev,"Parnther, Anthony (1981- );Classical Music;Movies;New York Philharmonic;Black Panther (Movie);Hollywood Bowl;Encanto (Movie);Content Type: Personal Profile"
92,"Whether company is family, friends or just your television.","Scroll through the reader notes for Melissa Clark’s wine-braised chicken with mushrooms and leeks and one thing becomes very clear — it’s a great dish to serve to friends and family. “This recipe is on my short list for dinner parties. I make it the day before so the flavors have a chance to deepen,” Mary Mancera writes. Chris, another reader, writes: “Love this recipe, but then again, hard to go wrong with chicken, leek, mushroom and white wine.” We feel compelled to say, however, that it’s also a perfect dinner to trot out when it’s just you, your slipper socks and the warm glow of your TV. Case in point: Annie calls this dish “roasted chicken with fancy cream of mushroom soup.”",2023-12-19T18:00:02+0000,article,Food,Letter,Wine-Braised Chicken With Mushrooms and Leeks Is Ready for Company,Cooking and Cookbooks;Content Type: Service
93,"The county said the sweeping new law, signed by Gov. Greg Abbott, violated the Constitution and would result in thousands of arrests in El Paso alone.","El Paso County and two immigrant rights groups sued Texas officials on Tuesday to challenge a sweeping new law that allows state and local police to arrest migrants who cross from Mexico, setting up a legal showdown over federal immigration policies.",2023-12-19T18:11:38+0000,article,U.S.,News,El Paso County Sues Texas in a Bid to Block New Migrant Arrest Law,"Law and Legislation;Federal-State Relations (US);Illegal Immigration;States (US);Asylum, Right of;Suits and Litigation (Civil);Politics and Government;Local Government;American Civil Liberties Union;Public Safety Department (Tex);Abbott, Gregory W (1957- );El Paso (Tex);Texas"
94,"Icelanders had been girding for an eruption. When it happened, they wanted to see it.","Pall Viggosson, a tour guide in Iceland, was driving a van carrying nine British tourists on Monday night in search of the northern lights. But instead of the greenish glow of the aurora borealis, he saw red — flames and smoke from a volcanic eruption that Iceland had been uneasily awaiting.",2023-12-19T18:36:25+0000,article,World,News,"In Iceland, a Fiery Show of Lava and Smoke",Volcanoes;Iceland;Evacuations and Evacuees;Eyjafjallajokull Volcano (Iceland);Fagradalsfjall (Iceland);Grindavik (Iceland);Reykjavik (Iceland)
95,Readers react to a front-page story about the meaning of anti-Zionism. Also: Saving democracy; curbing drug addiction; Off-Broadway woes; the Aral Sea.,To the Editor: ,2023-12-19T18:53:04+0000,article,Opinion,Letter,Defining Antisemitism and Anti-Zionism,"Zionism;Palestinians;Gaza Strip;Jews and Judaism;Anti-Semitism;Israel;Israel-Gaza War (2023- );Cheney, Liz;Presidential Election of 2024;Trump, Donald J;Democracy (Theory and Philosophy);Republican Party;United States Politics and Government;Drug Abuse and Traffic;Addiction (Psychology);Police;Theater;Theater (Off Broadway);ARAL SEA"
96,"New tunes from Brandy, Cher and the Philadelphia Eagles may find their place among classics in your holiday playlist.","Musically speaking, the holidays are a time when we return to perennial favorites — the fact that the current top five artists on the Billboard Hot 100 are Mariah Carey, Brenda Lee, Bobby Helms, Wham! and Burl Ives certainly attests to that.",2023-12-19T19:00:03+0000,article,Arts,News,10 Festive (and Brand-New) Holiday Songs,"internal-sub-only-nl;Pop and Rock Music;Christmas;Philadelphia Eagles;Bright Eyes (Music Group);Lumineers (Music Group);Brandy (1979- );Carpenter, Sabrina (1999- );Cher (1946- );Joy, Samara;Jones, Norah;Laufey (Singer)"
97,"Such data, in the rare instances it has been publicly released, has illuminated the pathways through which legally manufactured and lawfully sold firearms are obtained by criminals.","The City of Baltimore is suing the Bureau of Alcohol, Tobacco, Firearms and Explosives for blocking access to data on guns used to commit crimes — information it said was essential for targeting gun violence and identifying sellers who flood the city with weapons.",2023-12-19T19:15:00+0000,article,U.S.,News,Baltimore Sues A.T.F. Over Access to Gun Data,"Gun Control;Firearms;Suits and Litigation (Civil);United States Politics and Government;BUREAU OF ALCOHOL, TOBACCO, FIREARMS AND EXPLOSIVES;Everytown for Gun Safety;Scott, Brandon M (1984- );Tiahrt, Todd;Baltimore (Md)"
98,The number you want depends on the question you’re asking.,"If you’re a normal human being trying to read recent economic news, especially about inflation, you may be feeling confused right now. You may have seen reports that consumer prices are up 3.1 percent over the past year, which sounds bad; “core” inflation, which excludes volatile food and energy prices, was 4 percent, which sounds worse.",2023-12-19T19:30:04+0000,article,Opinion,Op-Ed,How Lags in Statistics Skew the Inflation Picture,"International Trade and World Market;Economics (Theory and Philosophy);internal-sub-only-nl;Inflation (Economics);Consumer Price Index;Supermarkets and Grocery Stores;Prices (Fares, Fees and Rates)"
99,"Rents have surged and homelessness is at record heights, but fewer of the poorest tenants are getting housing assistance — in stark contrast to growth in other safety net programs.","As the safety net has expanded over the past generation, the food stamp rolls have doubled, Medicaid enrollment has tripled and payments from the earned-income tax credit have nearly quadrupled.",2023-12-19T19:38:10+0000,article,U.S.,News,"As Need Rises, Housing Aid Hits Lowest Level in Nearly 25 Years","Public and Subsidized Housing;Poverty;Real Estate and Housing (Residential);Affordable Housing;Homeless Persons;Fudge, Marcia L;Housing and Urban Development Department;Section 8 (Housing);United States;Charleston (SC)"
100,The meeting came as pressure mounted over his government’s plans to bring them home.,"Prime Minister Benjamin Netanyahu of Israel met on Tuesday with families of hostages captured on Oct. 7, as pressure mounted over his government’s plans to bring them home.",2023-12-19T19:47:53+0000,article,World,News,Netanyahu Meets With Families of Israeli Hostages,"Netanyahu, Benjamin;Gaza Strip;Israel;Hamas;Israel-Gaza War (2023- );Kidnapping and Hostages"
101,"It’s the season of buying more than we need, and then throwing it away.","It’s the season of parties, gifts and lots and lots of food. It’s also the season of buying more than we can use or eat, and then throwing it away.",2023-12-19T19:52:45+0000,article,Climate,News,Dreaming of a less wasteful holiday,"internal-sub-only-nl;Global Warming;Happiness;Sustainable Living;Environmental Protection Agency;Kerry, John"
102,"Modern Love in miniature, featuring reader-submitted stories of no more than 100 words.",I can’t help but think of my first love’s coffee order when the barista asks me for mine. My friends tell me to give it time. One day I will forget the little things. I will break free from the pain of remembrance. I will start anew. But I hope I never do. Ingrained in my brain’s many folds are memories of everyone I’ve ever loved. I’d rather remember than forget. She liked her coffee black. — Becca Kuperschmid,2023-12-19T20:00:23+0000,article,Style,News,"Tiny Love Stories: ‘I’m Shrinking, but I Don’t Tell Him’",Love (Emotion);Modern Love (Times Column);Dating and Relationships;Gifts;Height (Stature)
103,He helped forge a movement asserting that scholars must put aside their modern-day assumptions and prejudices to fully understand how people acted and thought in the past.,"J.G.A. Pocock, who brought new perspectives to historical scholarship by arguing that the first step in understanding events of the past is to identify their linguistic and intellectual context, died on Dec. 12 in Baltimore. He was 99.",2023-12-19T20:13:56+0000,article,Books,Obituary (Obit),"J.G.A. Pocock, Historian Who Argued for Historical Context, Dies at 99","Pocock, J G A;Deaths (Obituaries);History (Academic Subject);Writing and Writers;Johns Hopkins University"
104,"The federal aviation agency plans to form a panel to look into the potential risks posed by a fatigued work force, after a spate of close calls this year.","The Federal Aviation Administration is planning to form a panel to look into the potential risks posed by exhaustion among air traffic controllers, many of whom have been working round-the-clock schedules that have pushed them to the physical and emotional brink.",2023-12-19T20:18:30+0000,article,Business Day,News,F.A.A. to Investigate Exhaustion Among Air Traffic Controllers,"AIRLINES AND AIRPLANES;Shortages;Aviation Accidents, Safety and Disasters;Traffic Accidents and Safety;Federal Aviation Administration"
105,Plus our best photos of 2023.,"The 5.9-magnitude earthquake that struck northwest China overnight on Monday has killed more than 120 people and injured more than 500 others, officials and state media said yesterday. The quake damaged 15,000 houses and knocked out water, electricity and transportation links in some parts of the region.",2023-12-19T20:56:11+0000,article,Briefing,briefing,Wednesday Briefing: The Aftermath of China’s Quake,"Far East, South and Southeast Asia and Pacific Areas;China;Gansu Province (China);Hamas;Israel;Iceland"
106,"Using laser communication, NASA streamed a cat video from almost 20 million miles away, or 40 round-trip flights to the moon.","On Dec. 11, NASA engineers anxiously gathered at the Jet Propulsion Laboratory in Pasadena, Calif., to view a cat video, wondering if it would be in the pristine high definition for which they had hoped.",2023-12-19T21:02:35+0000,article,Science,News,"NASA Streams Cat Video From Deep, Deep Space","Video Recordings, Downloads and Streaming;Space and Astronomy;Laser (Light Amplification by Stimulated Emission of Radiation);Jet Propulsion Laboratory;National Aeronautics and Space Administration"
107,"A day after the pope’s announcement that Catholic priests may bless same-sex couples, one New York couple receives theirs.","As a Jesuit priest for more than two decades, the Rev. James Martin has bestowed thousands of blessings — on rosary beads, on babies, on homes, boats, and meals, on statues of saints, on the sick, on brides and on grooms.",2023-12-19T21:19:47+0000,article,U.S.,News,"Making History on a Tuesday Morning, With the Church’s Blessing","Roman Catholic Church;Francis;United States Conference of Catholic Bishops;Same-Sex Marriage, Civil Unions and Domestic Partnerships;audio-neutral-informative"
108,Games Workshop announced this week that the popular tabletop game will come to television and film in a deal with Amazon Studios.,There’s big news this week for tiny warriors.,2023-12-19T21:23:06+0000,article,Arts,News,"Amazon to Bring Warhammer 40,000 to the Screen, With Henry Cavill","Television;Cavill, Henry;Amazon.com Inc;Games Workshop Ltd"
109,"Ukraine’s counteroffensive sputtered, but President Volodymyr Zelensky argued that Russia, too, “failed to achieve any results” on the ground, while Ukraine had successes at sea.","President Volodymyr Zelensky pushed back against doubts about Ukraine’s battlefield prospects and about the support of its allies, telling reporters on Tuesday that his country is not losing the war and is prepared to negotiate with Russia, but only on its own terms.",2023-12-19T21:26:53+0000,article,World,News,"Zelensky, After Tough Year on Battlefield, Insists Ukraine Will Prevail","Zelensky, Volodymyr;Russian Invasion of Ukraine (2022);Ukraine;Politics and Government;Foreign Aid;International Relations;Defense and Military Forces;Russia"
110,"Charles Donohoe, one of the members of the extremist group who cooperated with prosecutors, was sentenced to 40 months, slightly more than the time he has already been credited for.","A former leader of the Proud Boys who helped the government investigate and prosecute others in the far-right group involved in the attack on the Capitol on Jan. 6, 2021, was sentenced on Tuesday to 40 months in prison for his own role in the assault.",2023-12-19T21:35:40+0000,article,U.S.,News,Proud Boys Member Who Helped Prosecution Sentenced in Jan. 6 Attack,"Storming of the US Capitol (Jan, 2021);Right-Wing Extremism and Alt-Right;Proud Boys;Donohoe, Charles (1988- );Decisions and Verdicts;Presidential Election of 2020"
111,"The tally reflects the extraordinary chaos and paralysis that gripped the House in 2023, when lawmakers did more voting but less lawmaking than at any time in the past decade.","Representative Kevin McCarthy, the former speaker, had a positive spin on the five days and record-breaking 15 voting rounds it took him to win the gavel in January. “Because it took this long,” he said after the ordeal, “now we learned how to govern.”",2023-12-19T21:44:50+0000,article,U.S.,News,"House Dysfunction by the Numbers: 724 Votes, Only 27 Laws Enacted","Law and Legislation;United States Politics and Government;Federal Budget (US);Republican Party;House of Representatives;Biden, Joseph R Jr;Schiff, Adam B;Tlaib, Rashida;Bowman, Jamaal;Johnson, Mike (1972- );McCarthy, Kevin (1965- );Santos, George (1988- )"
112,"Cantiere Hambirreria brings its Pisa Tower of hamburgers to Kenmare Street, Che provides produce in an all-day cafe in Bedford-Stuvesant, Brooklyn, and more restaurant news.","For some time now, Nick Hatsatouris, a restaurateur with places in East Hampton, N.Y., and West Hollywood, Calif., has had his eye on New York. He’s taken over the dining areas in the historic Evelyn Hotel, in NoMad, which had been run by the chef Jonathan Benno and closed in 2021. “It’s a beautiful building in a thriving neighborhood so I saw it as a good opportunity,” he said. First up is the bar area, now called the Tusk Bar, which Mr. Hatsatouris said is a reference to the walrus and oysters in Lewis Carroll’s “The Walrus and the Carpenter.” Oysters figure importantly on the menu, as does other seafood like king crab, which is piled into a club sandwich. The area is now done in earth tones with touches of gold and other colors; the open kitchen is no more. The chefs Jeremiah Stone and Fabián von Hauske Valtierra, of Wildair downtown, are the menu consultants. The chef de cuisine is Vincent Edwards. Next month the high-ceilinged dining room a few steps up from the bar will become Brass, an American take on a brasserie, and the Ninepin Café will be installed, for casual all-day dining, near the hotel entrance.",2023-12-19T21:47:41+0000,article,Food,News,"The Tusk Bar Sets Up in the Evelyn Hotel, in NoMad",Restaurants;Bars and Nightclubs;New York City
113,"He made his name in the 1980s with the Waitresses and the Psychedelic Furs, but his roots were in the exploratory jazz of Eric Dolphy and Ornette Coleman.","Weakened by surgery to remove a tumor near his pancreas in January, followed by six months of chemotherapy, the high-wattage saxophonist Mars Williams learned this past summer that his treatment options were nearly exhausted.",2023-12-19T22:34:16+0000,article,Arts,Obituary (Obit),"Mars Williams, 68, Saxophonist Who Straddled New Wave and Jazz, Dies","Williams, Mars (1955-2023);Deaths (Obituaries);Pop and Rock Music;Jazz;Nineteen Hundred Eighties;Saxophones;Waitresses, The (Music Group);Psychedelic Furs (Music Group)"
114,"Despite holding more than 700 votes this year, the House only managed to pass 27 bills that have made it into law, thanks to tiny majorities, divided government and a right wing bent on constraining government.","In a year of divided government, when House Republicans were even divided against themselves, Congress was historically unproductive. The House has passed just 27 bills that were signed into law by President Biden. Still to come is the annual military policy bill that the House cleared for Mr. Biden last week but he has yet to sign.",2023-12-19T22:35:35+0000,article,U.S.,News,The 27 Bills That Became Law in 2023,House of Representatives;Republican Party;Law and Legislation;Veterans Affairs Department;Federal Budget (US)
115,"The French leader was elected twice on a vow to keep populism at bay. But his bill received rare support from the far right, setting off a crisis in his party.","France’s Parliament late Tuesday approved an immigration overhaul that was made tougher under right-wing pressure, securing a legislative win for President Emmanuel Macron but risking a political crisis for a leader elected twice on centrist vows to keep far-right populism at bay.",2023-12-19T22:52:54+0000,article,World,News,Macron Compromises With Right to Pass Immigration Overhaul,"France;Illegal Immigration;Macron, Emmanuel (1977- );Law and Legislation;Politics and Government;Foreign Workers;Immigration and Emigration;National Rally (France);Darmanin, Gerald;Le Pen, Marine;Europe"
116,"Also, a challenge to Texas’s immigration law. Here’s the latest at the end of Tuesday.","Following Hamas’s Oct. 7 attacks in Israel, President Biden emphasized his support for Israel’s war effort and sent weapons to Israel for its campaign against Hamas. Recently, his administration has pressured Israeli leaders to scale back their military operations. That strategy has been disapproved by many voters in both parties, according to a New York Times/Siena College poll.",2023-12-19T22:58:57+0000,article,Briefing,News,Voters Broadly Disapprove of Biden’s Strategy on Gaza,"Israel-Gaza War (2023- );United States International Relations;Polls and Public Opinion;Biden, Joseph R Jr;Israel;Gaza Strip"
117,"Women, sex and Jewish mothers were just some of the targets of his popular satirical writing in books, essays, screenplays and more.","Dan Greenburg, the prolific humorist, best-selling author, essayist, playwright and screenwriter whose satirical prose examined Jewish angst, women and sex, and who later produced a series of humorous children’s books, died on Monday in the Bronx. He was 87.",2023-12-19T23:03:38+0000,article,Books,Obituary (Obit),"Dan Greenburg, Who Poked Fun With His Pen, Dies at 87","Greenburg, Dan (1936-2023);Books and Literature;Writing and Writers;Comedy and Humor;Jews and Judaism;How to Be a Jewish Mother (Book);Deaths (Obituaries)"
118,"Efforts to speed military assistance to Ukraine are being punted to 2024, as negotiators remain short of a deal for aid Republicans have demanded to pair with a border crackdown.","Congress gave up Tuesday on a last-ditch bid to speed through emergency military aid to Ukraine before the end of the year, as negotiators failed to cement a deal that Republicans have demanded tying the money to a crackdown on migration across the U.S. border with Mexico.",2023-12-19T23:04:51+0000,article,U.S.,News,Congress Abandons Ukraine Aid Until Next Year as Border Talks Continue,"United States Politics and Government;Israel-Gaza War (2023- );Russian Invasion of Ukraine (2022);Senate;Schumer, Charles E;McConnell, Mitch;Illegal Immigration;Foreign Aid"
119,"The decision, the first by a court to find that Donald Trump is ineligible to hold office again because he engaged in insurrection, is likely to put a monumental case before the U.S. Supreme Court.","Colorado’s top court ruled on Tuesday that former President Donald J. Trump is disqualified from holding office again because he engaged in insurrection with his actions leading up to the Jan. 6 storming of the Capitol, an explosive ruling that is likely to put the basic contours of the 2024 election in the hands of the U.S. Supreme Court.",2023-12-19T23:14:14+0000,article,U.S.,News,"Trump Is Disqualified From 2024 Ballot, Colorado Court Says in Explosive Ruling","Colorado;Trump, Donald J;Presidential Election of 2024;Decisions and Verdicts;Storming of the US Capitol (Jan, 2021);Fourteenth Amendment (US Constitution);Supreme Courts (State);Supreme Court (US);United States Politics and Government;Republican Party;Wallace, Sarah B;Samour, Carlos A Jr;Primaries and Caucuses"
120,"The minority leader took an oblique swipe at Donald Trump’s rhetoric about migrants “poisoning the blood” of the country, but others like Senator Tommy Tuberville defended him.","When Mitch McConnell, the top Republican in the Senate, was asked about former President Donald J. Trump’s now-standard stump line claiming that immigrants are “poisoning the blood of our country,” Senator McConnell delivered an indirect but contemptuous response.",2023-12-19T23:55:27+0000,article,U.S.,News,McConnell and Other Senate Republicans Criticize Trump’s Talk on Immigrants,"Immigration and Emigration;Illegal Immigration;United States Politics and Government;Presidential Election of 2024;Republican Party;McConnell, Mitch;Thune, John R;Trump, Donald J;Vance, J D;Schumer, Charles E"
